ENGINEERING;Transverse
COMPUTER SCIENCE & ENGINEERING;DG
COMPUTER SCIENCE, ARTIFICIAL INTELLIGENCE;DG
COMPUTER SCIENCE, INFORMATION SYSTEMS;DG
COMPUTER SCIENCE, INTERDISCIPLINARY APPLICATIONS;DG
COMPUTER SCIENCE, THEORY & METHODS;DG
COMPUTER SCIENCE, SOFTWARE ENGINEERING;DG
MATHEMATICS, APPLIED;FG/MG
ENGINEERING MATHEMATICS;FG.MG
MATHEMATICS, INTERDISCIPLINARY APPLICATIONS;FG/MG
OPERATIONS RESEARCH & MANAGEMENT SCIENCE;FG
STATISTICS & PROBABILITY;FG
SOCIAL SCIENCES, MATHEMATICAL METHODS;FG
MECHANICAL ENGINEERING;MG
ENGINEERING, MECHANICAL;MG
PHYSICS APPLIED;MG
MATERIALS SCIENCE & ENGINEERING;MG
ENGINEERING, ENVIRONMENTAL;MG
ENVIRONMENTAL ENGINEERING & ENERGY;MG
ENGINEERING, CHEMICAL;MG